national_team,club_name,estimated_training_years,players_trained
Curaçao,PSV,35,4
Spain,Barcelona,33,5
Egypt,Al Ahly,31,5
Scotland,Celtic,29,4
Portugal,Benfica,28,6
Austria,Red Bull Salzburg,28,4
Portugal,Porto,28,4
England,Chelsea,28,3
Ecuador,Independiente del Valle,27,8
Netherlands,Ajax,27,3
Sweden,AIK,24,3
Austria,Austria Wien,23,4
Belgium,Club Brugge,22,3
Argentina,Vélez Sarsfield,22,2
Belgium,Anderlecht,21,6
Croatia,Dinamo Zagreb,21,5
Switzerland,Zürich,20,3
Belgium,Genk,19,5
Scotland,Rangers,19,4
Croatia,Hajduk Split,18,5
Austria,Grazer AK,18,3
Japan,Kawasaki Frontale,18,3
Portugal,Sporting CP,18,3
Argentina,CA River Plate,18,2
Brazil,Flamengo,18,2
England,Liverpool,18,2
Germany,Schalke 04,18,2
Czechia,Slavia Prague,17,3
Tunisia,Espérance de Tunis,17,2
Tunisia,Paris FC,16,2
Belgium,Standard Liège,15,4
Czechia,Viktoria Plzen,15,4
Saudi Arabia,Al-Shabab,15,4
France,Rennes,15,2
Netherlands,Feyenoord,15,2
Brazil,Corinthians,14,2
Curaçao,Groningen,14,2
Haiti,Paris Saint-Germain,14,2
Morocco,Anderlecht,14,2
Switzerland,Luzern,14,2
Paraguay,Cerro Porteño,12,6
Argentina,River Plate,12,4
Ghana,Right to Dream,12,3
Canada,Fulham,12,2
Qatar,Al-Arabi,12,2
Spain,Betis,12,2
Türkiye,Galatasaray,12,2
Bosnia and Herzegovina,HNK Stolac,12,1
Norway,Bryne,12,1
Tunisia,Cannes,12,1
Algeria,Lyon,11,3
Sweden,IF Brommapojkarna,11,3
Uzbekistan,Bunyodkor,11,3
Czechia,Sparta Prague,11,2
England,Arsenal,11,2
England,Tottenham Hotspur,11,2
Germany,Bayern Munich,11,2
Algeria,Real Madrid,11,1
Bosnia and Herzegovina,Hamburger SV,11,1
Brazil,Vasco da Gama,11,1
Colombia,Barrancas,11,1
Côte d'Ivoire,FC Solitaires Paris Est,11,1
Egypt,Wadi Degla,11,1
Netherlands,Smitshoek,11,1
Panama,Independiente,11,1
Scotland,Manchester United,11,1
Spain,Valencia,11,1
Tunisia,Gallia Club Lunel,11,1
Canada,Montreal Impact,10,3
Cabo Verde,Sparta,10,2
Germany,Bayer Leverkusen,10,2
Netherlands,Willem II,10,2
Senegal,Paris Saint-Germain,10,2
Switzerland,Basel,10,2
USA,FC Dallas,10,2
Bosnia and Herzegovina,Austria Klagenfurt,10,1
Croatia,Radnik Velika Gorica,10,1
DR Congo,Anderlecht,10,1
England,Barnsley FC,10,1
England,Birmingham City,10,1
France,Bondy,10,1
Germany,1. FC Köln,10,1
Germany,Manchester City,10,1
Japan,Urawa Red Diamonds,10,1
Morocco,AFC Creil,10,1
New Zealand,Island Bay United,10,1
Norway,Asker Fotball,10,1
Scotland,St. Mirren FC,10,1
Spain,SU Agen,10,1
Sweden,IFK Aspudden-Tellus [ a ],10,1
Türkiye,Bayern Munich,10,1
Türkiye,Rapid Wien,10,1
USA,Arsenal,10,1
Ecuador,LDU Quito,9,3
Panama,Chorrillo,9,3
Uruguay,Peñarol,9,3
Argentina,Boca Juniors,9,2
Morocco,Ajax,9,2
New Zealand,Onehunga Sports,9,2
Paraguay,Boca Juniors,9,2
Spain,Espanyol,9,2
Switzerland,Servette,9,2
Algeria,Ajax,9,1
Argentina,Club Libertad,9,1
Argentina,Racing Club,9,1
Bosnia and Herzegovina,1. FC Köln,9,1
Bosnia and Herzegovina,Karlsruher SC,9,1
Cabo Verde,Sparta Rotterdam,9,1
Canada,CS St-Laurent,9,1
Curaçao,Emmen,9,1
DR Congo,Torcy,9,1
DR Congo,Épinay-sous-Sénart,9,1
England,Manchester City,9,1
England,Manchester United,9,1
England,Newcastle United,9,1
England,Sunderland,9,1
England,West Bromwich Albion,9,1
France,Lyon,9,1
Germany,Chelsea,9,1
Germany,Greuther Fürth,9,1
Japan,FC Viparte,9,1
Morocco,Mallorca,9,1
Morocco,Nancy,9,1
Morocco,Real Madrid,9,1
Morocco,Wydad Casablanca,9,1
Netherlands,PSV,9,1
Paraguay,Club Olimpia,9,1
Qatar,Al-Sadd,9,1
Senegal,BC Bliesheim,9,1
Sweden,Djurgårdens IF,9,1
Türkiye,Waldhof Mannheim,9,1
Senegal,Génération Foot,8,3
Algeria,Paradou AC,8,2
Belgium,Gent,8,2
Belgium,Virton,8,2
Canada,Brampton YSC,8,2
France,Bordeaux,8,2
Algeria,Reims,8,1
Algeria,Reinickendorfer Füchse,8,1
Argentina,Club Social Parque,8,1
Argentina,Liniers,8,1
Bosnia and Herzegovina,Ried,8,1
Brazil,Verê,8,1
Canada,Aurora Youth SC,8,1
Croatia,LASK,8,1
Croatia,NK Zagreb,8,1
Czechia,SK Policka,8,1
Czechia,Zbrojovka Brno,8,1
Côte d'Ivoire,Rennes,8,1
DR Congo,Manchester United,8,1
DR Congo,Meudon AS,8,1
Ecuador,Mujer Trabajadora,8,1
France,Chelsea,8,1
France,Créteil,8,1
Germany,Altona 93,8,1
Germany,Stuttgarter Kickers,8,1
Haiti,Cercle Paul Bert Bréquigny,8,1
Haiti,Rennes,8,1
Jordan,Jordan Knights,8,1
Morocco,Toulouse,8,1
Qatar,Toulouse FC,8,1
Saudi Arabia,Al-Ahli,8,1
Scotland,Coventry City,8,1
Senegal,Blanc-Mesnil SF,8,1
Senegal,Lille,8,1
Senegal,Mulhouse,8,1
Spain,Gimnástico Don Benito,8,1
Sweden,Snöstorp Nyhem FF,8,1
Türkiye,1. Köln,8,1
Türkiye,NEC,8,1
Uzbekistan,Nasaf,7,5
Argentina,Newell's Old Boys,7,2
Austria,Rapid Wien,7,2
Austria,Sturm Graz,7,2
Curaçao,Ajax,7,2
France,Évreux,7,2
Japan,Gamba Osaka,7,2
Norway,Stabæk,7,2
Norway,Strømsgodset,7,2
Türkiye,Bursaspor,7,2
Türkiye,Fenerbahçe,7,2
Australia,Mt Druitt Town Rangers,7,1
Austria,St. Valentin,7,1
Belgium,PSV Eindhoven,7,1
Belgium,RUS Saint-Ode,7,1
Bosnia and Herzegovina,Željeznicar,7,1
Brazil,Internacional,7,1
Cabo Verde,Arcueil COM,7,1
Cabo Verde,Grémio Nhagar,7,1
Canada,AS Notre-Dame-de-Grâce,7,1
Colombia,Arco Zaragoza Medellin,7,1
Colombia,Deportivo Cali,7,1
Croatia,1860 Munich,7,1
Curaçao,Feyenoord Rotterdam,7,1
Czechia,FC Baník Ostrava,7,1
Czechia,FC Ivancice,7,1
Czechia,SFK Meziborí,7,1
Czechia,SK Smíchov Plzen,7,1
DR Congo,Ivry,7,1
France,AS Bondy,7,1
France,Atlético Madrid,7,1
France,Villiers le Bel JS,7,1
Ghana,Lyon Duchère,7,1
Ghana,Teshie Football Academy,7,1
IR Iran,Sepahan,7,1
Japan,Cerezo Osaka,7,1
Japan,Sanchiku Kickers,7,1
Korea Republic,Valencia,7,1
Netherlands,WDS '19,7,1
Norway,Liverpool,7,1
Paraguay,Club 24 de Junio,7,1
Portugal,Boavista,7,1
Scotland,Inverness Caledonian Thistle,7,1
Senegal,Le Havre Caucriauville,7,1
Senegal,Saint-Dié,7,1
Spain,CA Osasuna,7,1
Spain,Villarreal,7,1
Switzerland,SV Würenlos,7,1
Switzerland,Solothurn,7,1
USA,PA Classics,7,1
USA,Philadelphia Union,6,4
Austria,First Vienna FC,6,2
Ecuador,Norte América,6,2
Haiti,Lens,6,2
Korea Republic,Suwon Samsung Bluewings [ note 1 ],6,2
Panama,San Francisco FC,6,2
Senegal,Le Havre,6,2
USA,New York Red Bulls,6,2
Algeria,Lille,6,1
Algeria,Zulte Waregem,6,1
Australia,ECU Joondalup,6,1
Austria,Floridsdorfer AC,6,1
Austria,USC Abersee,6,1
Bosnia and Herzegovina,AIK,6,1
Bosnia and Herzegovina,Modrica,6,1
Brazil,São Paulo FC,6,1
Cabo Verde,AS Champs-sur-Marne,6,1
Cabo Verde,Damaiense,6,1
Canada,Nazarenos,6,1
Croatia,NK Sportprevent Bugojno,6,1
Côte d'Ivoire,Chambray,6,1
Côte d'Ivoire,Espérance Paris 19ème,6,1
Côte d'Ivoire,OS Abobo,6,1
DR Congo,Lens,6,1
Ecuador,Huracán de Quinindé,6,1
Egypt,Ala'ab Damanhour,6,1
England,Charlton Athletic,6,1
England,Everton,6,1
England,Ridgeway Rovers,6,1
France,Fraternelle Landiras,6,1
France,Madeleine Évreux,6,1
France,SJ D'Artigues,6,1
France,Villeneuve-la-Garenne,6,1
Germany,Alemannia Mariadorf,6,1
Germany,Jahn Regensburg,6,1
Ghana,Fulham,6,1
Iraq,AGF,6,1
Japan,AS Laranja Toyokawa,6,1
Japan,Kamoi SC,6,1
Japan,Nishinomiya Soccer School,6,1
Japan,Taishi JSC,6,1
Korea Republic,Seoul Daedong Elementary School,6,1
Mexico,CF Pachuca,6,1
Mexico,Oviedo,6,1
Mexico,Tijuana,6,1
Morocco,Málaga,6,1
Morocco,Raja CA,6,1
Morocco,Utrecht,6,1
New Zealand,Ferrymead Bays,6,1
New Zealand,Milton Keynes Dons,6,1
Norway,FK Bergen Nord,6,1
Norway,Lyngdal IL,6,1
Norway,Strindheim IL,6,1
Portugal,Barreirense,6,1
Portugal,Operário Famalicão,6,1
Qatar,Benfica,6,1
Saudi Arabia,Al-Ettifaq,6,1
Saudi Arabia,Al-Nassr,6,1
Scotland,Celtic FC,6,1
Spain,Atlético Madrid,6,1
Sweden,IF Elfsborg,6,1
Sweden,Utbynäs SK,6,1
Tunisia,Niendorfer TSV,6,1
Tunisia,VfB Stuttgart,6,1
Türkiye,AZ,6,1
Türkiye,Gençlerbirligi,6,1
Türkiye,Kartalspor,6,1
Türkiye,Rize Il Özel Idarespor,6,1
USA,Everton,6,1
USA,FC Phönix Otterbach,6,1
Uruguay,Estudiantes de la Unión,6,1
Uzbekistan,Pakhtakor,6,1
Paraguay,Libertad,5,4
Uruguay,Nacional,5,3
Australia,Melbourne City,5,2
Austria,Admira Wacker,5,2
Austria,Bayern Munich,5,2
France,Paris Saint-Germain,5,2
Japan,FC Tokyo,5,2
Scotland,Queen's Park,5,2
Uruguay,Fénix,5,2
Algeria,Isle d'Abeau FC,5,1
Argentina,Real Madrid,5,1
Argentina,San Lorenzo,5,1
Australia,Brisbane Athletic,5,1
Australia,Brisbane Roar,5,1
Austria,SR Donaufeld Wien,5,1
Austria,Tus Kraubath,5,1
Belgium,Alliance Melen-Micheroux,5,1
Belgium,Rupel Boom,5,1
Bosnia and Herzegovina,LUV Graz,5,1
Cabo Verde,Belenenses,5,1
Cabo Verde,US Torcy,5,1
Canada,CS Longueuil,5,1
Canada,Club Uruguay,5,1
Canada,Erin Mills SC,5,1
Canada,Ottawa Gloucester Hornets,5,1
Canada,Sigma,5,1
Colombia,Academia Tolimense de Fútbol,5,1
Colombia,Cosmos Soccer School,5,1
Croatia,NK Zadar,5,1
Croatia,Zadar,5,1
Curaçao,HSV Sport 1889,5,1
Curaçao,Sparta Rotterdam,5,1
Curaçao,Spartaan '20,5,1
Czechia,Slovan Rosice,5,1
Czechia,TJ Ludgerovice,5,1
Czechia,Teplice,5,1
Czechia,Viktoria Žižkov,5,1
Côte d'Ivoire,JMG Academy,5,1
DR Congo,Crystal Palace,5,1
France,Lille,5,1
Germany,SG Wattenscheid 09,5,1
Germany,VfB Stuttgart,5,1
Haiti,Le Havre,5,1
Haiti,Solidarité Scolaire,5,1
Haiti,US Goyave,5,1
IR Iran,BK Vången,5,1
IR Iran,Bargh Bushehr,5,1
IR Iran,Shahrdari Sari,5,1
Iraq,Husqvarna FF,5,1
Japan,Barcelona,5,1
Japan,Mitsubishi Yowa,5,1
Mexico,Chicago Fire,5,1
Morocco,Beerschot,5,1
Morocco,Montpellier,5,1
Netherlands,ADO Den Haag,5,1
Netherlands,NAC Breda,5,1
Netherlands,PEC Zwolle,5,1
Netherlands,Volendam,5,1
Netherlands,WVF Zwolle,5,1
New Zealand,Los Angeles FC,5,1
New Zealand,Papatoetoe,5,1
Norway,Drammen Strong,5,1
Norway,Lillestrøm,5,1
Paraguay,Club Libertad,5,1
Portugal,CB Albufeira,5,1
Qatar,Standard Liège,5,1
Saudi Arabia,Al-Hilal,5,1
Scotland,Aberdeen,5,1
Spain,Girona,5,1
Spain,Las Rozas,5,1
Spain,Roquetas,5,1
Sweden,Halmstads BK,5,1
Sweden,IFK Göteborg,5,1
Sweden,Jonsereds IF,5,1
Switzerland,FC Winterthur,5,1
Switzerland,Hinwil,5,1
Tunisia,Champigny FC 94,5,1
Tunisia,KB,5,1
Tunisia,Les Lilas,5,1
Tunisia,Paris Saint-Germain,5,1
USA,Ajax,5,1
Uruguay,Boca Juniors,5,1
Qatar,Aspire Academy,4,5
IR Iran,Persepolis,4,2
Korea Republic,Ulsan Hyundai,4,2
Mexico,Guadalajara,4,2
New Zealand,Western Suburbs,4,2
Saudi Arabia,Al Hilal,4,2
Saudi Arabia,Al-Ittihad,4,2
Spain,Athletic Bilbao,4,2
Spain,Rayo Majadahonda,4,2
Algeria,AAS Sarcelles,4,1
Algeria,AC Villeurbanne,4,1
Algeria,AJS Wazemmes,4,1
Algeria,AS Val de Fontenay,4,1
Algeria,Alfortville,4,1
Algeria,Creteil,4,1
Algeria,Hertha BSC,4,1
Argentina,Abanderado Grandoli,4,1
Argentina,Argentinos Juniors,4,1
Argentina,Barcelona,4,1
Argentina,CD San Juan,4,1
Argentina,Club Urquiza,4,1
Argentina,Proyecto Crecer,4,1
Australia,Croydon Kings,4,1
Australia,Glenmore Park FC,4,1
Australia,Knox City,4,1
Australia,Ringwood City JSC,4,1
Austria,ASK Salzburg,4,1
Belgium,Beerschot,4,1
Belgium,Patro Eisden,4,1
Bosnia and Herzegovina,Red Bull Salzburg,4,1
Bosnia and Herzegovina,Sturm Graz,4,1
Brazil,Ituano,4,1
Cabo Verde,Montrouge FC 92,4,1
Canada,BHFC Battersea,4,1
Canada,Sigma FC,4,1
Croatia,Omladinac Vranjic,4,1
Curaçao,Bargeres,4,1
Curaçao,NEC,4,1
Curaçao,Vitesse,4,1
Czechia,AFK Hronov,4,1
Czechia,Meteor Prague,4,1
Côte d'Ivoire,Atalanta,4,1
Ecuador,Deportivo Azogues,4,1
England,Crystal Palace,4,1
England,Wallsend Boys Club,4,1
France,Crépy-en-Valois,4,1
France,La Brède,4,1
France,Mareuil-sur-Ourcq,4,1
France,Montignacoise,4,1
France,Paris FC,4,1
France,Trélissac,4,1
France,Vaillante S. Angers,4,1
Germany,1. FC Nürnberg,4,1
Germany,Hamburger SV,4,1
Germany,SV Tasmania Berlin,4,1
Germany,Tuspo Nürnberg,4,1
Ghana,Lyon,4,1
Haiti,Villetaneuse CS,4,1
IR Iran,FC Malmö,4,1
Iraq,Tranmere Rovers,4,1
Japan,Avispa Fukuoka,4,1
Japan,Júbilo Iwata,4,1
Japan,Nagoya Grampus,4,1
Japan,Saginuma SC,4,1
Jordan,Al-Arabi,4,1
Jordan,Al-Hussein,4,1
Korea Republic,Barcelona,4,1
Korea Republic,Daejeon Citizen [ note 1 ],4,1
Korea Republic,FC Seoul academy,4,1
Korea Republic,Pohang Steelers [ note 1 ],4,1
Korea Republic,Ulsan Hyundai [ note 1 ],4,1
Mexico,Pumas UNAM,4,1
Morocco,AS Atlas Paillade,4,1
Morocco,AVV Alphen,4,1
Morocco,AZ,4,1
Morocco,Santa Terrassa CD,4,1
Netherlands,Eindhoven,4,1
Netherlands,JVOZ,4,1
Netherlands,Twente,4,1
New Zealand,Cambridge,4,1
Norway,Hareid,4,1
Paraguay,Barcelona,4,1
Paraguay,CS San Lorenzo,4,1
Paraguay,Olimpia,4,1
Portugal,Académie Lakhlej Foot,4,1
Portugal,Andorinha,4,1
Portugal,Braga,4,1
Portugal,Perspectiva em Jogo,4,1
Portugal,Póvoa Lanhoso,4,1
Qatar,Al Sadd,4,1
Scotland,Dalry Rovers FC,4,1
Scotland,Heart of Midlothian,4,1
Senegal,1. FC Köln,4,1
Senegal,Metz,4,1
Senegal,Versailles,4,1
South Africa,Augusto Palacios Apprentice,4,1
Spain,La Liara Balompié,4,1
Spain,Laguna,4,1
Spain,Real Madrid,4,1
Sweden,Hammarby IF,4,1
Sweden,Manchester United,4,1
Switzerland,FC Wiesendangen,4,1
Switzerland,Winterthur,4,1
Tunisia,Paris,4,1
Türkiye,Bursa Merinosspor,4,1
Türkiye,Groningen,4,1
USA,Almere City,4,1
USA,Bayern Munich,4,1
USA,Blau-Weiss Gottschee,4,1
USA,Columbus Crew,4,1
USA,FC Boston Bolts,4,1
USA,New York City,4,1
USA,New York City FC,4,1
Uruguay,Club Nacional,4,1
Norway,Bodø/Glimt,3,3
Australia,Western Sydney Wanderers,3,2
Bosnia and Herzegovina,Zrinjski Mostar,3,2
Brazil,Avaí,3,2
England,Fulham,3,2
France,Manchester City,3,2
Iraq,Al-Naft,3,2
Morocco,Genk,3,2
New Zealand,East Coast Bays,3,2
Norway,Viking,3,2
Algeria,AS Bron,3,1
Algeria,ASF Le Perreux 94,3,1
Algeria,Bourgoin-Jallieu,3,1
Algeria,Champagne 95,3,1
Algeria,FC Montfermeil,3,1
Algeria,Lierse,3,1
Algeria,Paris,3,1
Argentina,Atlético Calchín,3,1
Argentina,CA Boca Juniors,3,1
Argentina,Rosario Central,3,1
Argentina,Tenerife,3,1
Australia,Adelaide Croatia Raiders,3,1
Australia,Club Brugge,3,1
Australia,Kenmore,3,1
Australia,Perth Glory,3,1
Australia,Perth SC,3,1
Australia,Sydney FC,3,1
Australia,Sydney United,3,1
Austria,Austria Salzburg,3,1
Austria,Kapfenberger SV,3,1
Austria,SV Donau,3,1
Belgium,Bilzen V.V.,3,1
Belgium,Bocholter VV,3,1
Belgium,Eupen,3,1
Belgium,KVV Drongen,3,1
Belgium,Lierse,3,1
Belgium,Lorrain Arlon,3,1
Belgium,RUS Givry,3,1
Belgium,SB Waltzing-Bonnert,3,1
Belgium,Tubantia Borgerhout,3,1
Belgium,V. Beersel-Drogenbos,3,1
Bosnia and Herzegovina,Bayer Leverkusen,3,1
Bosnia and Herzegovina,FC Djursholm,3,1
Brazil,Coritiba FC,3,1
Cabo Verde,Arrentela [ citation needed ],3,1
Cabo Verde,CR Foot,3,1
Cabo Verde,Feyenoord Rotterdam,3,1
Canada,GPS Academy,3,1
Canada,Lakeshore SC,3,1
Canada,Leamington MS,3,1
Canada,Mississauga Falcons,3,1
Canada,Mountain United FC,3,1
Canada,Spartacus SC,3,1
Canada,Unionville Milliken SC,3,1
Canada,União Leiria,3,1
Colombia,Club Nacional,3,1
Croatia,GOŠK Kaštel Gomilica,3,1
Croatia,NK Dalmatinac Split,3,1
Croatia,RNK Split,3,1
Curaçao,Excelsior,3,1
Curaçao,FC Omniworld,3,1
Curaçao,SCE Nijmegen [ nl ],3,1
Czechia,SK Toužim,3,1
Côte d'Ivoire,Périgny,3,1
Côte d'Ivoire,Red Star,3,1
Côte d'Ivoire,Stella Club,3,1
DR Congo,Alfortville,3,1
DR Congo,Lille OM.S. Fives,3,1
DR Congo,Lusitanos Saint-Maur,3,1
DR Congo,MK Etanchéité,3,1
DR Congo,US Ris-Orangis,3,1
Ecuador,Barcelona Esmeraldas,3,1
Egypt,Al-Mokawloon,3,1
England,Cray Wanderers,3,1
England,Fletcher Moss Rangers,3,1
England,Penistone Church,3,1
England,Senrab,3,1
England,West Ham United,3,1
France,AS Buers Villeurbanne,3,1
France,Hayes & Yeading United,3,1
France,Limeyrat,3,1
France,Montfermeil,3,1
Germany,Hertha Zehlendorf,3,1
Germany,SV Grün-Weiß Brauweiler,3,1
Germany,TSV Lehnerz,3,1
Germany,VfB Sperber Neukölln,3,1
Ghana,Pamplona,3,1
Haiti,AF Epinay,3,1
Haiti,Anderlecht,3,1
Haiti,Le Rheu,3,1
Haiti,Mondial Club,3,1
Haiti,Pérolas Negras,3,1
Haiti,Stade Rennais FC,3,1
IR Iran,IF Limhamn Bunkeflo,3,1
IR Iran,Iranjavan,3,1
IR Iran,Malavan,3,1
IR Iran,Shahrdari Bandar Anzali,3,1
Iraq,Al-Alam,3,1
Japan,FCB Escola Fukuoka,3,1
Japan,Kawakami FC,3,1
Japan,Nakaizuo JSC,3,1
Japan,Yokosuka Seagulls,3,1
Jordan,Amman FC,3,1
Korea Republic,Hakseong Middle School [ ko ],3,1
Korea Republic,Seil Middle School [ ko ],3,1
Mexico,Condal,3,1
Mexico,Sporting Gijón,3,1
Morocco,Atlético Rafal,3,1
Morocco,Balma SC,3,1
Morocco,KV Mechelen,3,1
Morocco,Lille,3,1
Netherlands,WSV '30,3,1
Norway,Langhus,3,1
Norway,Vålerenga,3,1
Norway,Wigan Athletic,3,1
Paraguay,La Blanca Subur,3,1
Portugal,CB Póvoa Lanhoso,3,1
Portugal,Estrela da Amadora,3,1
Portugal,Infesta,3,1
Portugal,Nacional,3,1
Portugal,Real Massamá,3,1
Portugal,Vianense,3,1
Qatar,Al Markhiya,3,1
Qatar,Balma SC,3,1
Qatar,Mem Martins,3,1
Qatar,Seraing,3,1
Saudi Arabia,Wej,3,1
Scotland,Ayr United FC,3,1
Scotland,Crewe Alexandra,3,1
Scotland,Hamilton Academical,3,1
Scotland,St Andrews,3,1
Senegal,AMCS Comines,3,1
Senegal,CS Municipaux Le Havre,3,1
Senegal,Diambars FC,3,1
Senegal,ES Guyancourt,3,1
Senegal,Galaxy Football,3,1
Senegal,Strasbourg,3,1
Spain,La Torreta,3,1
Spain,Real Sociedad,3,1
Spain,Tegueste,3,1
Sweden,Råsunda,3,1
Sweden,Västerås SK,3,1
Switzerland,Concordia Basel,3,1
Switzerland,FC Lausanne-Sport,3,1
Switzerland,Nordstern,3,1
Switzerland,Old Boys,3,1
Tunisia,AB,3,1
Tunisia,AS Outre-Mer du Bois l'Abbé,3,1
Tunisia,Brøndby,3,1
Tunisia,Manchester City,3,1
Tunisia,Marseille,3,1
Tunisia,Rennes,3,1
Türkiye,Fenerspor,3,1
Türkiye,Feyenoord,3,1
Türkiye,Gölcükspor,3,1
Türkiye,Karamürsel Idmanyurduspor,3,1
Türkiye,Olympia Haarlem,3,1
Türkiye,Yamanspor,3,1
USA,Paris Saint-Germain,3,1
USA,St. Joseph's Regional High School,3,1
USA,Weston FC,3,1
Australia,Adelaide United,2,2
Australia,Endeavour United,2,2
DR Congo,Zulte Waregem,2,2
Jordan,Al-Jazeera,2,2
Switzerland,Young Boys,2,2
Uruguay,Montevideo Wanderers,2,2
Algeria,Angers,2,1
Algeria,PSV,2,1
Algeria,Paris FC,2,1
Algeria,Paris Saint-Germain,2,1
Algeria,Sint-Truiden,2,1
Argentina,Banfield,2,1
Australia,Dundee United,2,1
Australia,FW NTC,2,1
Australia,Green Gully,2,1
Australia,Marconi Stallions,2,1
Austria,1. Wiener Neustädter SC,2,1
Austria,Admira Villach [ de ],2,1
Austria,DSV Leoben,2,1
Austria,SV Aspern,2,1
Belgium,KFC Wintam,2,1
Bosnia and Herzegovina,Austria Kärnten,2,1
Bosnia and Herzegovina,Chicago Fire,2,1
Bosnia and Herzegovina,SC Wave,2,1
Brazil,América Mineiro,2,1
Brazil,Audax Rio de Janeiro EC,2,1
Brazil,Náutico,2,1
Brazil,Tupynambás,2,1
Cabo Verde,Linda-a-Velha,2,1
Cabo Verde,Olivais,2,1
Cabo Verde,Real SC,2,1
Cabo Verde,Rennes,2,1
Cabo Verde,Sporting,2,1
Cabo Verde,Vitória Setúbal,2,1
Canada,ANB Futbol,2,1
Canada,Celtix du Haut-Richelieu,2,1
Canada,Gloucester Dragons,2,1
Colombia,Envigado,2,1
Croatia,Hrvatski Dragovoljac,2,1
Croatia,Iskra Bugojno,2,1
Croatia,SC Fürstenfeldbruck,2,1
Croatia,Trešnjevka,2,1
Curaçao,A.V.V. Zeeburgia,2,1
Curaçao,ASC Waterwijk,2,1
Curaçao,Always Forward,2,1
Curaçao,GRC Groningen,2,1
Curaçao,USV Elinkwijk,2,1
Curaçao,VV Union [ nl ],2,1
Curaçao,Zwaluwen '30,2,1
Czechia,FC Melník,2,1
Côte d'Ivoire,AS Denguélé,2,1
Côte d'Ivoire,Boca Barco,2,1
Côte d'Ivoire,Caen,2,1
Côte d'Ivoire,La Rochelle Villeneuve,2,1
Côte d'Ivoire,Le Havre,2,1
Côte d'Ivoire,Tours,2,1
DR Congo,Boulogne-Billancourt,2,1
DR Congo,E.S. La Grace,2,1
DR Congo,Fleury,2,1
DR Congo,Linas-Montlhéry,2,1
DR Congo,Lyon,2,1
DR Congo,Maccabi Paris,2,1
DR Congo,Mechelen,2,1
DR Congo,Mputu,2,1
DR Congo,Paris Saint-Germain,2,1
DR Congo,Reims,2,1
DR Congo,Sochaux,2,1
DR Congo,Valenciennes,2,1
DR Congo,Villeneuvois,2,1
Ecuador,C.S. Norte América,2,1
Ecuador,Colorados Jaipadida,2,1
Ecuador,Emelec Esmeraldas,2,1
Ecuador,VfL Wolfsburg,2,1
Egypt,Ittihad Basyoun,2,1
Egypt,Othmason Tanta,2,1
England,Stourbridge Juniors,2,1
France,Alfortville,2,1
France,Boulogne-Billancourt,2,1
France,Cérons,2,1
France,FC De Prey,2,1
France,FCTLF,2,1
France,Monaco,2,1
France,Pau,2,1
France,Pôle Espoirs Castelmaurou,2,1
France,Rayo Majadahonda,2,1
France,Saint-Étienne,2,1
France,Sochaux,2,1
France,Toulouse,2,1
France,Valenciennes,2,1
Germany,Alemannia Aachen,2,1
Germany,Borussia Dortmund,2,1
Germany,Neuköllner Sportfreunde 1907,2,1
Germany,SC Concordia,2,1
Germany,SC Fürstenfeldbruck,2,1
Germany,Southampton,2,1
Germany,VfB Bösingen,2,1
Germany,VfR Aalen,2,1
Ghana,Marseille,2,1
Ghana,RC Strasbourg,2,1
Haiti,Kalonji Soccer Academy,2,1
Haiti,Le Havre AC,2,1
Haiti,Le Mans,2,1
Haiti,Olé Brasil,2,1
Haiti,US Torcy,2,1
IR Iran,Damash Tehran,2,1
IR Iran,Vahdat,2,1
Iraq,Al-Taji,2,1
Iraq,Tuz,2,1
Japan,FC Persimmon,2,1
Japan,Yamanashi Gakuin Univ. High School,2,1
Japan,Yurigaoka Junior SC,2,1
Japan,Zuyo High School,2,1
Korea Republic,Yukminkwan Middle School,2,1
Mexico,Celaya,2,1
Mexico,Once Hermanos,2,1
Mexico,Real Madrid,2,1
Mexico,Santos Laguna,2,1
Morocco,Alphense Boys,2,1
Morocco,Colonia Ofigevi,2,1
Morocco,Mohammed VI Academy,2,1
Morocco,San Francisco,2,1
Norway,Rosenborg,2,1
Norway,Rosenborg BK,2,1
Norway,Sandefjord,2,1
Norway,Sarpsborg 08,2,1
Paraguay,Club 13 de Junio,2,1
Portugal,AMCH Ringe,2,1
Portugal,Casa Benfica Tavira,2,1
Portugal,Despertar,2,1
Portugal,Desportivo das Aves,2,1
Portugal,Os Pestinhas,2,1
Portugal,Palmeiras Braga,2,1
Portugal,Palmeiras FC,2,1
Qatar,HFC Hoei,2,1
Saudi Arabia,Al-Qadsiah,2,1
Scotland,Manchester City,2,1
Senegal,Santhiaba Zinguinchor,2,1
Senegal,Wasquehal,2,1
South Africa,Orlando Pirates,2,1
Spain,Aurrerá Vitoria,2,1
Spain,Bayonne,2,1
Spain,Nueva Roceña,2,1
Sweden,Hattersley,2,1
Switzerland,Aarau,2,1
Switzerland,BC Albisrieden,2,1
Switzerland,Baden,2,1
Switzerland,FC Adligenswil,2,1
Switzerland,FC Amical Saint-Prex,2,1
Switzerland,FC Bursins-Rolle-Perroy,2,1
Switzerland,FC Greifensee,2,1
Switzerland,FC La Côte-Sports,2,1
Switzerland,FC Schwamendingen,2,1
Switzerland,FC Stade Nyonnais,2,1
Switzerland,Koppiger SV,2,1
Tunisia,B.93,2,1
Tunisia,Boulogne-Billancourt,2,1
Tunisia,ES Le Cannet-Rocheville,2,1
Tunisia,FA 2000,2,1
Tunisia,Monaco,2,1
Tunisia,Montpellier,2,1
Tunisia,PSV,2,1
Türkiye,1461 Trabzon,2,1
Türkiye,EDO,2,1
Türkiye,Hisareynspor,2,1
Türkiye,Jahn Regensburg,2,1
Türkiye,Karlsruher II,2,1
Türkiye,Konyaspor,2,1
Türkiye,Sallern Regensburg,2,1
Türkiye,Stormvogels,2,1
Türkiye,Yavuz Selimspor,2,1
Türkiye,Çekmeköyspor,2,1
USA,Brackley Town,2,1
USA,Hammarby IF,2,1
USA,Michigan Rush,2,1
USA,Shawnee Renegades,2,1
Uruguay,La Luz,2,1
Uruguay,San Miguel,2,1
Uzbekistan,Navoi,2,1
Czechia,1. FC Slovácko,1,2
Jordan,Al-Faisaly,1,2
Mexico,Pachuca,1,2
Scotland,St Mirren,1,2
Uzbekistan,Mash'al Mubarek,1,2
Algeria,Dunkerque,1,1
Algeria,Lens,1,1
Algeria,Mouscron,1,1
Algeria,US Torcy,1,1
Argentina,Belgrano,1,1
Argentina,Club Náutico Fitz Simon,1,1
Argentina,Independiente,1,1
Argentina,Santa Clara,1,1
Australia,Bulleen Lions,1,1
Australia,Burnley,1,1
Australia,Fulham,1,1
Australia,Melbourne Victory,1,1
Australia,Portlethen Sports Club,1,1
Australia,Richmond SC,1,1
Australia,SA NTC,1,1
Austria,AKA HIB Liebenau,1,1
Austria,ASK Maxglan,1,1
Austria,FC Augsburg,1,1
Austria,FV Ravensburg,1,1
Austria,Milton Keynes Dons,1,1
Austria,Union SV Vasoldsberg,1,1
Austria,VfB Stuttgart,1,1
Belgium,KVC Olympic Deurne,1,1
Belgium,Lommel United,1,1
Belgium,TSG Hoffenheim,1,1
Belgium,Zulte Waregem,1,1
Bosnia and Herzegovina,Dinamo Zagreb,1,1
Bosnia and Herzegovina,New England Revolution,1,1
Bosnia and Herzegovina,RB Leipzig,1,1
Bosnia and Herzegovina,TSG Hoffenheim,1,1
Bosnia and Herzegovina,Wolfsberger AC,1,1
Cabo Verde,CO Vincennes,1,1
Cabo Verde,RV&AV Sparta Rotterdam,1,1
Cabo Verde,SG Sacavenense,1,1
Cabo Verde,Sporting CP,1,1
Cabo Verde,Twente,1,1
Cabo Verde,UA Povoense,1,1
Canada,Ottawa Internationals,1,1
Canada,Real Colorado,1,1
Canada,Richmond Hill SC,1,1
Canada,Vancouver Whitecaps FC,1,1
Croatia,Bayern Munich,1,1
Croatia,FC Ingolstadt 04,1,1
Croatia,Karlsruher SC,1,1
Croatia,Neretva,1,1
Croatia,TSG Hoffenheim,1,1
Curaçao,LSV,1,1
Curaçao,ODC,1,1
Curaçao,Sarto,1,1
Curaçao,Utrecht,1,1
Curaçao,VVIJ [ nl ],1,1
Curaçao,Willem II,1,1
Czechia,Dukla Prague,1,1
Czechia,Klatovy,1,1
Czechia,PSV,1,1
Czechia,SC Xaverov,1,1
Côte d'Ivoire,Châteauroux,1,1
Côte d'Ivoire,DME Academy,1,1
Côte d'Ivoire,RCDE International,1,1
Côte d'Ivoire,Stade Poitevin FC,1,1
Côte d'Ivoire,Tout Puissant Koumassi,1,1
DR Congo,Montrouge FC 92,1,1
Ecuador,Caribe Junior,1,1
Ecuador,FC Türkiye Wilhelmsburg,1,1
Ecuador,Venecia,1,1
England,Epsom Eagles,1,1
England,PSV Eindhoven,1,1
England,Watford,1,1
France,Arsenal,1,1
France,Reading,1,1
Germany,Karlsruher SC,1,1
Germany,SG Weinstadt,1,1
Ghana,FC Mulhouse,1,1
Ghana,Great Olympics,1,1
Ghana,SGS College,1,1
Ghana,Techiman Liberty FC,1,1
Haiti,AS Montferrand,1,1
IR Iran,Naft Tehran,1,1
IR Iran,Shahrdari Amirkola,1,1
Iraq,Brøndby IF,1,1
Iraq,Ghaz Al-Shamal,1,1
Iraq,IFK Öxnehaga,1,1
Iraq,Motala AIF,1,1
Iraq,Skovbakken,1,1
Iraq,Swansea City,1,1
Japan,Hamamatsu Kaba SSS,1,1
Japan,Higashiyama High School,1,1
Japan,Kashima Gakuen High School,1,1
Japan,Kids FC,1,1
Japan,Kumamoto United SC,1,1
Japan,Obukuro FC,1,1
Japan,Ohzu High School,1,1
Japan,Yamanashi Gakuin University High School,1,1
Japan,Yonago Kita High School,1,1
Jordan,Sporting Kansas City,1,1
Jordan,That Ras,1,1
Korea Republic,Boin High School [ ko ],1,1
Korea Republic,Dongbuk Middle School,1,1
Korea Republic,FC Seoul [ note 1 ],1,1
Korea Republic,Flyings,1,1
Korea Republic,Hakseong High School [ ko ],1,1
Korea Republic,Hamburger SV,1,1
Korea Republic,Incheon United,1,1
Korea Republic,Suwon High School [ ko ],1,1
Korea Republic,Suwon Technical High School,1,1
Mexico,Atlas,1,1
Mexico,Cruz Azul,1,1
Mexico,Pobablo Miguel Alemán FC,1,1
Mexico,Querétaro,1,1
Mexico,Xidoo,1,1
Morocco,Amsterdamsche FC,1,1
Morocco,Barcelona,1,1
Morocco,CH Khadija,1,1
Morocco,HSV De Zuidvogels,1,1
Morocco,Manchester City,1,1
Netherlands,AFC,1,1
Netherlands,Arsenal,1,1
Netherlands,Chelsea,1,1
New Zealand,Forrest Hill Milford United,1,1
New Zealand,Greenhithe,1,1
New Zealand,Miramar Rangers,1,1
New Zealand,Nomads United,1,1
New Zealand,Stokes Valley,1,1
New Zealand,Wellington Phoenix,1,1
Norway,Astor,1,1
Norway,CF La Nucía,1,1
Norway,Flint,1,1
Norway,Ganddal IL,1,1
Norway,Kvik Halden,1,1
Norway,Lyn,1,1
Norway,Manchester City,1,1
Norway,Nordsjælland,1,1
Norway,Rælingen,1,1
Panama,Río Abajo,1,1
Portugal,Evolution Soccer Academy,1,1
Portugal,KACM,1,1
Qatar,? Sevilla (loan),1,1
Qatar,Estoril,1,1
Qatar,Estrela Amadora,1,1
Qatar,JSM Chéraga,1,1
Scotland,Highfield Rangers,1,1
Scotland,Oadby Town,1,1
Scotland,Peterborough United,1,1
Senegal,A.S.C. Tiléne,1,1
Senegal,Boulogne,1,1
Spain,? Eibar (loan),1,1
Spain,CD Amigó,1,1
Spain,Dinamo Zagreb,1,1
Spain,Las Palmas,1,1
Spain,Rayo Vallecano,1,1
Sweden,FC Djursholm,1,1
Sweden,IFK Lidingö,1,1
Sweden,Kista SC,1,1
Sweden,Malmö FF,1,1
Sweden,Partille IF,1,1
Switzerland,FC Heitenried,1,1
Switzerland,Grasshoppers,1,1
Switzerland,Kriens,1,1
Tunisia,BK Vestia,1,1
Tunisia,ESV Einigkeit Wilhelmsburg,1,1
Tunisia,Feyenoord,1,1
Tunisia,Herfølge,1,1
Tunisia,Hertha BSC,1,1
Tunisia,Lyngby,1,1
Tunisia,Manchester United,1,1
Tunisia,SV Wilhelmsburg,1,1
Tunisia,Southampton,1,1
Tunisia,Tromsdalen,1,1
Türkiye,Bucaspor,1,1
Türkiye,Istanbul Basaksehir,1,1
Türkiye,SC West Köln,1,1
Türkiye,Trabzonspor,1,1
Türkiye,Yesil Bursa,1,1
USA,Clarkstown SC,1,1
USA,Greuther Fürth,1,1
USA,Orlando City,1,1
USA,St. Louis Scott Gallagher,1,1
USA,Texans SC Houston,1,1
USA,West Pines United,1,1
Uruguay,Club Unión de Empalme Olmos,1,1
Cabo Verde,Tchadense,0,2
Czechia,Hradec Králové,0,2
Côte d'Ivoire,ASEC Mimosas,0,2
Jordan,Al-Wehdat,0,2
Jordan,Shabab Al-Ordon,0,2
South Africa,SuperSport United,0,2
Uzbekistan,Pakhtakor-2,0,2
Algeria,AS Aïn M'lila,0,1
Bosnia and Herzegovina,Cypriot club Pafos,0,1
Bosnia and Herzegovina,Radnik Hadžici,0,1
Bosnia and Herzegovina,Vitez,0,1
Brazil,Audax Rio,0,1
Cabo Verde,Batuque FC,0,1
Cabo Verde,Dordrecht,0,1
Cabo Verde,Excelsior,0,1
Cabo Verde,Lourdes Celtic,0,1
Cabo Verde,local club Batuque,0,1
Canada,North Toronto Nitros,0,1
Colombia,Academia,0,1
Colombia,América de Cali,0,1
Colombia,Atlético Huila,0,1
Colombia,Atlético Junior,0,1
Colombia,Atlético Nacional,0,1
Colombia,Dorados,0,1
Colombia,Independiente Santa Fe,0,1
Colombia,Köln,0,1
Colombia,La Equidad,0,1
Colombia,Leones,0,1
Colombia,Ligue 2 club Toulouse,0,1
Colombia,Talentos Gustavo Victoria,0,1
Colombia,Águilas Doradas,0,1
Curaçao,Atlétiko Saliña,0,1
Czechia,Baník Ostrava,0,1
Côte d'Ivoire,Denguélé,0,1
Côte d'Ivoire,San Pédro,0,1
Côte d'Ivoire,Solitaire Paris Est,0,1
DR Congo,AS Efokan,0,1
DR Congo,Boavista,0,1
Ecuador,Alianza Sports (seven-a-side),0,1
Egypt,Al Ittihad Alexandria,0,1
Egypt,Ghazl El Mahalla,0,1
Egypt,Gomhoriat Shebin,0,1
Egypt,Ismaily,0,1
Egypt,Mansoura,0,1
Egypt,Nogoom,0,1
Egypt,Zamalek,0,1
Ghana,AZ,0,1
Ghana,Brinkumer SV,0,1
Ghana,Bristol City,0,1
Ghana,Cheetah FC,0,1
Ghana,Odometah,0,1
Ghana,Red Bull Ghana,0,1
Ghana,Sturm Graz,0,1
Haiti,Miami United,0,1
Haiti,Seacoast United,0,1
Haiti,Xerez,0,1
IR Iran,Foolad,0,1
IR Iran,Havadar,0,1
IR Iran,Naft Ahvaz,0,1
IR Iran,Padideh,0,1
IR Iran,Shahin Bushehr,0,1
IR Iran,Sorkhpooshan,0,1
Iraq,Al-Iskan,0,1
Iraq,Al-Najaf,0,1
Iraq,Arminia Hannover,0,1
Iraq,Erbil,0,1
Iraq,Eskilstuna City,0,1
Iraq,Karbala,0,1
Iraq,Malmö FF,0,1
Iraq,Sale United,0,1
Jordan,Al-Ramtha,0,1
Jordan,Al-Wehdat SC,0,1
Mexico,América,0,1
Mexico,Fútbol Paz,0,1
Mexico,Tigres UANL,0,1
Netherlands,VV Goes,0,1
New Zealand,Auckland City,0,1
New Zealand,Mount Maunganui Junior FC,0,1
New Zealand,Selwyn United,0,1
New Zealand,Three Kings United,0,1
Norway,Asker,0,1
Norway,Bergen Nord,0,1
Norway,Mork IL,0,1
Norway,Strindheim,0,1
Norway,Åndalsnes IF,0,1
Panama,Alianza FC,0,1
Panama,Boluspor,0,1
Panama,CA Independiente,0,1
Panama,LA Galaxy II,0,1
Panama,San Francisco,0,1
Panama,Sporting San Miguelito,0,1
Panama,Tauro,0,1
Panama,Toluca,0,1
Panama,Árabe Unido,0,1
Paraguay,FC Juárez,0,1
Paraguay,Guaraní,0,1
Qatar,ASPIRE,0,1
Qatar,Al-Gharafa,0,1
Qatar,Lorient,0,1
Saudi Arabia,Al-Fateh,0,1
Saudi Arabia,Al-Muheet,0,1
Senegal,Galaxy Football Academy,0,1
Senegal,Norwegian club Hønefoss,0,1
South Africa,Baroka,0,1
South Africa,Florida Park High School,0,1
South Africa,Island Rovers AFC,0,1
South Africa,JDR Stars,0,1
South Africa,KZN Academy,0,1
South Africa,Kenpark United,0,1
South Africa,Kwamashu Arsenal,0,1
South Africa,Makhasa F.C.,0,1
South Africa,Mangasuthu University of Technology,0,1
South Africa,School of Excellence,0,1
South Africa,Shatterprufe Rovers,0,1
South Africa,Stellenbosch,0,1
South Africa,Transnet School of Excellence,0,1
Spain,Amigó,0,1
Sweden,IFK Stocksund,0,1
Sweden,IK Oddevold,0,1
Tunisia,AS Degache,0,1
Tunisia,Buxtehuder SV,0,1
Tunisia,CO Médenine,0,1
Tunisia,Club Sportif Sfaxien,0,1
Tunisia,Sfax RS,0,1
Uruguay,Juventud de Las Piedras,0,1
Uruguay,Liverpool Montevideo,0,1
Uzbekistan,Bunyodkor-2,0,1
Uzbekistan,Pakhtakor Tashkent,0,1
Uzbekistan,RKOR Tashkent,0,1
Uzbekistan,Shakhtar Donetsk,0,1
